Name,CSAA
T.J. McFarland,0.029
Jon Lester,0.02
Blake Snell,0.019
Louis Coleman,0.019
Marco Estrada,0.018
Zach Davies,0.018
Jordan Zimmermann,0.017
Brandon Morrow,0.017
Craig Kimbrel,0.017
Wei-Yin Chen,0.016
Kyle Gibson,0.015
Tyson Ross,0.014
Alex Wilson,0.014
Patrick Corbin,0.014
Masahiro Tanaka,0.014
Corey Kluber,0.013
Cole Hamels,0.013
Jacob deGrom,0.013
CC Sabathia,0.013
Clayton Kershaw,0.013
Antonio Senzatela,0.013
Jim Johnson,0.013
Andrew Triggs,0.013
Paul Sewald,0.012
Marco Gonzales,0.012
Tyler Clippard,0.012
Doug Fister,0.012
Cody Allen,0.012
Luis Perdomo,0.012
Adam Ottavino,0.011
Wade Davis,0.011
Yusmeiro Petit,0.011
Jonathan Holder,0.011
Aníbal Sánchez,0.011
Chasen Bradford,0.011
Clay Buchholz,0.01
Brad Peacock,0.01
Kyle Freeland,0.01
Sergio Romo,0.01
Félix Hernández,0.01
Edwin Díaz,0.01
Alex Claudio,0.009
Héctor Rondón,0.009
Brad Ziegler,0.009
Erick Fedde,0.009
Ross Stripling,0.009
Lance Lynn,0.009
Carlos Carrasco,0.009
Dylan Floro,0.009
Max Scherzer,0.009
Chris Volstad,0.009
Robbie Ray,0.009
Trevor Hildenberger,0.009
Luke Jackson,0.009
Kendall Graveman,0.009
Martín Pérez,0.009
Seunghwan Oh,0.009
Archie Bradley,0.008
Josh Hader,0.008
Drew Pomeranz,0.008
Jake Odorizzi,0.008
Tim Mayza,0.008
Xavier Cedeño,0.008
Trevor Bauer,0.008
Arodys Vizcaíno,0.008
Trevor Cahill,0.008
Harrison Musgrave,0.008
Jameson Taillon,0.008
Nick Pivetta,0.007
Tyler Mahle,0.007
Andrew Suárez,0.007
Paul Fry,0.007
Gio González,0.007
Drew Steckenrider,0.007
Tony Sipp,0.007
Cam Bedrosian,0.007
Matt Shoemaker,0.007
Alex Colomé,0.007
Luis Avilán,0.007
Andrew Heaney,0.007
Steve Cishek,0.007
Mike Mayers,0.007
Joakim Soria,0.007
Austin Davis,0.007
Corey Knebel,0.007
Iván Nova,0.007
Chaz Roe,0.007
Addison Reed,0.006
A.J. Cole,0.006
Nick Kingham,0.006
Ian Kennedy,0.006
J.A. Happ,0.006
Corey Oswalt,0.006
Joe Jiménez,0.006
Joe Biagini,0.006
Jerry Blevins,0.006
Adam Wainwright,0.006
José Leclerc,0.006
Seth Lugo,0.006
Noé Ramirez,0.006
Kenley Jansen,0.006
Eddie Butler,0.006
Brad Boxberger,0.006
Carson Fulmer,0.005
Luis García,0.005
Chasen Shreve,0.005
Zack Wheeler,0.005
Blake Parker,0.005
Dan Winkler,0.005
Buck Farmer,0.005
Walker Buehler,0.005
Jake Faria,0.005
Steven Matz,0.005
Trevor Williams,0.005
Sean Doolittle,0.005
Edwin Jackson,0.005
Scott Alexander,0.005
Taylor Williams,0.004
Jacob Barnes,0.004
Kenta Maeda,0.004
Madison Bumgarner,0.004
James Shields,0.004
Joey Lucchesi,0.004
Ken Giles,0.004
David Price,0.004
Sal Romano,0.004
Bud Norris,0.004
Josh Tomlin,0.004
Shane Greene,0.004
José Ureña,0.004
Danny Duffy,0.004
Jeff Samardzija,0.004
Jared Hughes,0.004
Kirby Yates,0.004
John Brebbia,0.004
Oliver Drake,0.004
Héctor Santiago,0.004
Pedro Báez,0.004
Ty Blach,0.004
Luis Castillo,0.004
Andrew Cashner,0.004
Zach McAllister,0.004
Jaime Barria,0.004
Ryan Madson,0.004
Gerrit Cole,0.003
Santiago Casilla,0.003
Matt Belisle,0.003
Drew Hutchison,0.003
Miguel Castro,0.003
Nick Wittgren,0.003
Hyun Jin Ryu,0.003
Héctor Neris,0.003
Taylor Rogers,0.003
Robert Stock,0.003
José Álvarez,0.003
Justin Verlander,0.003
Homer Bailey,0.003
Chris Hatcher,0.003
Craig Stammen,0.003
Mike Foltynewicz,0.003
Sandy Alcantara,0.003
Wilmer Font,0.003
Pierce Johnson,0.003
Eric Skoglund,0.003
Jordan Hicks,0.003
Francisco Liriano,0.003
Will Harris,0.003
Dallas Keuchel,0.003
Chris Archer,0.003
Nate Jones,0.003
Sam Dyson,0.003
Matt Albers,0.003
Wander Suero,0.003
Bryan Shaw,0.003
Brad Brach,0.003
Aaron Loup,0.003
Víctor Arano,0.003
Wade Miley,0.003
Sean Newcomb,0.002
Luis Cessa,0.002
Seranthony Domínguez,0.002
Wily Peralta,0.002
Brandon Maurer,0.002
David Robertson,0.002
Caleb Smith,0.002
José Berríos,0.002
Kazuhisa Makita,0.002
Michael Feliz,0.002
Mike Leake,0.002
Chris Sale,0.002
Greg Holland,0.002
Yoshihisa Hirano,0.002
Brandon Kintzler,0.002
Roberto Osuna,0.002
Shane Carle,0.002
Zack Britton,0.002
Kelvin Herrera,0.002
Tyler Bashlor,0.002
Edgar Santana,0.002
Jesse Biddle,0.002
Juan Minaya,0.002
Richard Rodríguez,0.002
Mike Fiers,0.001
Sam Gaviglio,0.001
Thomas Pannone,0.001
Tyler Skaggs,0.001
Matt Barnes,0.001
Chris Devenski,0.001
Chad Green,0.001
Ryan Tepera,0.001
Tyler Glasnow,0.001
Adam Cimber,0.001
Taylor Cole,0.001
Wade LeBlanc,0.001
Hector Velázquez,0.001
Julio Teheran,0.001
Ryne Stanek,0.001
Jace Fry,0.001
Hunter Strickland,0.001
Junior Guerra,0.001
Ryan Buchter,0.001
Zack Greinke,0.001
Nick Vincent,0
Hansel Robles,0
Matt Koch,0
Dan Otero,0
Dan Jennings,0
Fernando Rodney,0
Warwick Saupold,0
Josh Fields,0
Bartolo Colon,0
Heath Hembree,0
Aaron Nola,0
Reynaldo López,0
Brandon Workman,0
Phil Hughes,0
Jason Hammel,0
Mychal Givens,0
Noah Syndergaard,0
Rick Porcello,0
Adam Conley,0
Adam Warren,0
Tony Watson,0
Yefry Ramírez,0
Zack Godley,0
Jesse Chavez,0
Jacob Nix,-0.001
Nick Tropeano,-0.001
Brent Suter,-0.001
Shohei Ohtani,-0.001
Jason Adam,-0.001
Brad Keller,-0.001
Michael Wacha,-0.001
Brandon Woodruff,-0.001
Chris Martin,-0.001
Andrew Kittredge,-0.001
Jorge López,-0.001
Jack Flaherty,-0.001
José Alvarado,-0.001
Brett Anderson,-0.001
Johnny Cueto,-0.001
JT Chargois,-0.001
Erasmo Ramírez,-0.001
Miles Mikolas,-0.001
Daniel Stumpf,-0.001
Jalen Beeks,-0.001
Matt Magill,-0.001
Shawn Kelley,-0.001
Kevin Gausman,-0.001
Joe Smith,-0.001
Jeremy Hellickson,-0.001
Dereck Rodríguez,-0.001
Andrew Chafin,-0.001
Adam Morgan,-0.001
José Quintana,-0.002
Oliver Pérez,-0.002
Collin McHugh,-0.002
Sonny Gray,-0.002
Tanner Scott,-0.002
Vince Velasquez,-0.002
Robert Gsellman,-0.002
Dan Straily,-0.002
Alex Wood,-0.002
Burch Smith,-0.002
Ryan Brasier,-0.002
Fernando Salas,-0.002
Chad Bettis,-0.002
Matt Wisler,-0.002
Jonny Venters,-0.002
Matt Moore,-0.002
Matt Strahm,-0.002
Alex Cobb,-0.002
Pedro Strop,-0.002
Eduardo Rodriguez,-0.002
Jake Petricka,-0.002
Austin Gomber,-0.002
David Hernandez,-0.002
Brett Graves,-0.002
Elieser Hernandez,-0.002
Mike Clevinger,-0.002
Drew Rucinski,-0.002
Nathan Eovaldi,-0.002
Jeremy Jeffress,-0.002
Lucas Giolito,-0.003
Marcus Stroman,-0.003
Luis Severino,-0.003
Cory Gearrin,-0.003
David Hess,-0.003
Zach Eflin,-0.003
Brandon McCarthy,-0.003
Chase Anderson,-0.003
Danny Barnes,-0.003
Mark Melancon,-0.003
Mike Wright,-0.003
Luke Weaver,-0.003
Austin Pruitt,-0.003
Andrew Miller,-0.003
Randy Rosario,-0.003
Matt Harvey,-0.003
Yacksel Ríos,-0.003
Dellin Betances,-0.003
Luke Farrell,-0.003
Emilio Pagán,-0.003
Neil Ramírez,-0.003
Ben Lively,-0.003
Jacob Rhame,-0.003
Brad Hand,-0.003
José Castillo,-0.003
Deck McGuire,-0.003
Austin Bibens-Dirkx,-0.003
Mike Minor,-0.003
Caleb Ferguson,-0.003
Matt Grace,-0.004
Zach Duke,-0.004
Lance McCullers Jr.,-0.004
John Gant,-0.004
Charlie Morton,-0.004
Michael Lorenzen,-0.004
Carl Edwards Jr.,-0.004
Mike Montgomery,-0.004
John Axford,-0.004
Erik Goeddel,-0.004
Tanner Roark,-0.004
Steven Wright,-0.004
Trevor Richards,-0.004
Dylan Covey,-0.004
Glenn Sparkman,-0.004
Jarlin García,-0.004
Jon Gray,-0.004
Hunter Wood,-0.004
Scott Oberg,-0.004
Kyle Barraclough,-0.004
Javy Guerra,-0.004
Jaime García,-0.004
Juan Nicasio,-0.004
Joe Kelly,-0.004
Jackson Stephens,-0.004
Austin Brice,-0.004
Tommy Hunter,-0.004
Sammy Solís,-0.004
Jake Diekman,-0.004
Yonny Chirinos,-0.004
Jordan Lyles,-0.005
Richard Bleier,-0.005
Justin Miller,-0.005
Felipe Vázquez,-0.005
Gabriel Moya,-0.005
Jakob Junis,-0.005
Jake McGee,-0.005
Tim Hill,-0.005
Derek Holland,-0.005
Blaine Hardy,-0.005
Jeurys Familia,-0.005
Kevin McCarthy,-0.005
Tyler Chatwood,-0.005
Diego Castillo,-0.005
Félix Peña,-0.005
Roenis Elías,-0.005
Tayron Guerrero,-0.005
Shane Bieber,-0.005
Matthew Boyd,-0.006
Wandy Peralta,-0.006
Raisel Iglesias,-0.006
Jorge De La Rosa,-0.006
Chris Beck,-0.006
Sean Manaea,-0.006
Odrisamer Despaigne,-0.006
Ryan Borucki,-0.006
Matt Andriese,-0.006
Frankie Montas,-0.006
Cody Reed,-0.007
Brian Flynn,-0.007
Robbie Erlin,-0.007
Heath Fillmyer,-0.007
Kohl Stewart,-0.007
Kyle Crick,-0.007
Will Smith,-0.007
Clayton Richard,-0.007
Phil Maton,-0.007
Ryan Yarbrough,-0.008
Brian Duensing,-0.008
Sam Freeman,-0.008
Chris Stratton,-0.008
Germán Márquez,-0.009
James Pazos,-0.009
Domingo Germán,-0.009
Daniel Hudson,-0.009
Chad Kuhl,-0.009
Ryan Pressly,-0.009
Jake Arrieta,-0.009
Aroldis Chapman,-0.009
Chris Rusin,-0.009
Brian Johnson,-0.009
Carlos Martínez,-0.009
Aaron Sanchez,-0.009
Jimmy Yacabonis,-0.009
Lou Trivino,-0.009
Ariel Jurado,-0.009
Stephen Strasburg,-0.01
Daniel Mengden,-0.01
Pablo López,-0.01
Kyle Hendricks,-0.01
Anthony DeSclafani,-0.01
Adam Plutko,-0.01
A.J. Minter,-0.01
Chris Bassitt,-0.01
Carlos Rodón,-0.01
Max Fried,-0.01
Jason Vargas,-0.01
Keone Kela,-0.011
Daniel Ponce de Leon,-0.011
Sean Reid-Foley,-0.011
Yu Darvish,-0.011
Justin Anderson,-0.011
Drew VerHagen,-0.011
Michael Fulmer,-0.011
Tyler Anderson,-0.012
Joe Musgrove,-0.012
Edubray Ramos,-0.012
Vidal Nuño,-0.012
Corbin Burnes,-0.012
Adam Kolarek,-0.012
Blake Treinen,-0.012
Steven Brault,-0.013
Jaime Schultz,-0.013
Jeffrey Springs,-0.013
Sam Tuivailala,-0.013
Eric Lauer,-0.013
Rich Hill,-0.013
Justin Wilson,-0.013
Fernando Romero,-0.013
Reyes Moronta,-0.014
Aaron Bummer,-0.014
Dylan Bundy,-0.014
Amir Garrett,-0.015
Daniel Norris,-0.015
Victor Alcántara,-0.016
Brett Cecil,-0.016
Yovani Gallardo,-0.017
Jefry Rodriguez,-0.017
Jhoulys Chacín,-0.018
Bryan Mitchell,-0.018
Artie Lewicki,-0.018
Silvino Bracho,-0.019
Framber Valdez,-0.019
Freddy Peralta,-0.02
Garrett Richards,-0.021
James Paxton,-0.026
